eval_set,run,batches,first_loss,avg_loss,min_loss,max_loss,last_loss,delta_vs_dataset_baseline,pct_gap_vs_dataset_baseline
shared_validation,tefld_project,10,0.1977475881576538,2.7080272674560546,0.1977475881576538,4.2276740074157715,3.0063247680664062,0.661073313653469,0.3229546577857339
shared_validation,tefld_project_best,10,0.3622184991836548,2.701563435792923,0.3622184991836548,4.375741004943848,2.84423828125,0.6546094819903372,0.31979687709842336
shared_validation,dataset_baseline,10,0.15745998919010162,2.0469539538025856,0.15745998919010162,3.5153379440307617,1.970927357673645,0.0,0.0
final_holdout,tefld_project,10,1.3879107236862183,3.265379989147186,1.3879107236862183,5.623176097869873,3.289865732192993,1.0479274213314054,0.4725816626434663
final_holdout,tefld_project_best,10,1.310021996498108,3.182284724712372,1.310021996498108,5.712534427642822,3.1410014629364014,0.9648321568965912,0.43510836303793554
final_holdout,dataset_baseline,10,0.25499504804611206,2.217452567815781,0.25499504804611206,3.3869922161102295,2.426323890686035,0.0,0.0
